﻿<parameters>
  <parameter name="IIS Web Application Name" defaultValue="Default Web Site/precinctcaptain" tags="IisApp">
    <parameterEntry kind="ProviderPath" scope="IisApp" match="^C:\\Users\\David\\Desktop\\precinct_captains\\VoterWatch\\precinctcaptain\\obj\\Debug\\Package\\PackageTmp$" />
    <parameterEntry kind="ProviderPath" scope="setAcl" match="^C:\\Users\\David\\Desktop\\precinct_captains\\VoterWatch\\precinctcaptain\\obj\\Debug\\Package\\PackageTmp$" />
  </parameter>
  <parameter name="voterwatchdb-Web.config Connection String" description="voterwatchdb Connection String used in web.config by the application to access the database." defaultValue="server=vwatchdb.celv3evjhsqi.us-east-1.rds.amazonaws.com;User Id=votewatcher;password=Vmaaw22%;Persist Security Info=True;database=voterwatch" tags="SqlConnectionString">
    <parameterEntry kind="XmlFile" scope="C:\\Users\\David\\Desktop\\precinct_captains\\VoterWatch\\precinctcaptain\\obj\\Debug\\Package\\PackageTmp\\Web\.config$" match="/configuration/connectionStrings/add[@name='voterwatchdb']/@connectionString" />
  </parameter>
  <parameter name="voterwatchEntities-Web.config Connection String" description="voterwatchEntities Connection String used in web.config by the application to access the database." defaultValue="metadata=res://*/Tracking.csdl|res://*/Tracking.ssdl|res://*/Tracking.msl;provider=MySql.Data.MySqlClient;provider connection string=&quot;server=vwatchdb.celv3evjhsqi.us-east-1.rds.amazonaws.com;User Id=votewatcher;password=Vmaaw22%;Persist Security Info=True;database=voterwatch&quot;" tags="SqlConnectionString">
    <parameterEntry kind="XmlFile" scope="C:\\Users\\David\\Desktop\\precinct_captains\\VoterWatch\\precinctcaptain\\obj\\Debug\\Package\\PackageTmp\\Web\.config$" match="/configuration/connectionStrings/add[@name='voterwatchEntities']/@connectionString" />
  </parameter>
</parameters>